id;user_id;book_id;chapter_id;lesson_id;completed;score;xp_earned;completed_at;created_at
d7460adc-d02d-418c-9f79-b3c4b52e5a34;96ff41d6-7eeb-4889-99f3-58e526f9e5a1;matthew;1;matthew-1;true;1;10;2026-01-14 11:22:57.908+00;2026-01-14 11:22:58.011457+00
25331fe6-cde6-45e9-9dd9-5d30dd8601c2;96ff41d6-7eeb-4889-99f3-58e526f9e5a1;matthew;2;matthew-2;true;2;20;2026-01-14 11:23:11.381+00;2026-01-14 11:23:11.452761+00
4129198e-1a13-4400-b882-dc176ea07ece;96ff41d6-7eeb-4889-99f3-58e526f9e5a1;matthew;3;matthew-3;true;1;10;2026-01-14 11:23:17.45+00;2026-01-14 11:23:17.523354+00
78418af1-d7b0-4342-af32-6dfffa024e29;96ff41d6-7eeb-4889-99f3-58e526f9e5a1;matthew;4;matthew-4;true;1;10;2026-01-14 11:23:23.236+00;2026-01-14 11:23:23.297294+00
5df1e424-6bf8-48ed-8c93-d45f790e051b;96ff41d6-7eeb-4889-99f3-58e526f9e5a1;matthew;5;matthew-5;true;2;25;2026-01-14 11:23:41.193+00;2026-01-14 11:23:41.260448+00
b33d19ae-bfee-4857-b3b2-17d3a16d9d2d;96ff41d6-7eeb-4889-99f3-58e526f9e5a1;matthew;6;matthew-6;true;1;15;2026-01-14 12:37:04.197+00;2026-01-14 11:23:49.62748+00
a704b62d-12e6-40f4-b299-d6678d12c7cd;96ff41d6-7eeb-4889-99f3-58e526f9e5a1;matthew;7;matthew-7;true;2;20;2026-01-14 12:48:47.397+00;2026-01-14 12:48:48.442812+00
fe3f6f62-9986-4942-96c4-7c2b962a5431;96ff41d6-7eeb-4889-99f3-58e526f9e5a1;genesis;1;genesis-1-intro;true;10;178;2026-01-14 18:38:36.914+00;2026-01-14 18:38:37.01704+00
132f0902-f677-4f98-9ffb-98ec773f57ad;96ff41d6-7eeb-4889-99f3-58e526f9e5a1;genesis;2;genesis-2;true;5;65;2026-01-14 18:40:47.072+00;2026-01-14 18:40:47.142107+00
6d4a1e1c-e250-4a5e-b400-a7314b18ce53;96ff41d6-7eeb-4889-99f3-58e526f9e5a1;genesis;3;genesis-3;true;3;35;2026-01-14 18:41:23.806+00;2026-01-14 18:41:23.867464+00
980f4270-300f-495d-9081-101188fcd5f8;96ff41d6-7eeb-4889-99f3-58e526f9e5a1;genesis;4;genesis-4;true;3;35;2026-01-14 18:42:35.374+00;2026-01-14 18:42:35.799833+00
64956c76-a272-4d06-9ba9-909aa84c98b8;96ff41d6-7eeb-4889-99f3-58e526f9e5a1;genesis;5;genesis-5;true;1;15;2026-01-14 18:43:55.327+00;2026-01-14 18:43:55.442535+00
46a337e3-82b8-4bdc-808c-0cc9ad68b41a;96ff41d6-7eeb-4889-99f3-58e526f9e5a1;genesis;6;genesis-6;true;4;45;2026-01-15 10:39:31.378+00;2026-01-15 10:39:32.947385+00
55be0cad-1223-459c-9ba8-a65bfc9fda47;96ff41d6-7eeb-4889-99f3-58e526f9e5a1;genesis;7;genesis-7;true;4;50;2026-01-15 10:40:06.623+00;2026-01-15 10:40:08.156958+00
47207f51-2634-4c00-865f-ff2528e48d86;96ff41d6-7eeb-4889-99f3-58e526f9e5a1;genesis;8;genesis-8;true;4;45;2026-01-15 10:48:20.231+00;2026-01-15 10:48:21.783716+00
323ed573-285b-43a7-8fb3-cc4b835d7071;96ff41d6-7eeb-4889-99f3-58e526f9e5a1;genesis;9;genesis-9;true;2;25;2026-01-15 10:53:30.874+00;2026-01-15 10:53:32.443563+00
649c15ca-5354-4993-b094-d074ef24e947;96ff41d6-7eeb-4889-99f3-58e526f9e5a1;genesis;11;genesis-11;true;4;58;2026-01-15 10:54:01.477+00;2026-01-15 10:54:03.047353+00
dc052107-718a-4610-aa59-3b053c393cd7;96ff41d6-7eeb-4889-99f3-58e526f9e5a1;genesis;12;genesis-12;true;5;68;2026-01-15 10:54:34.6+00;2026-01-15 10:54:36.193576+00
d94749b6-aedf-4177-ad86-cac247ef5b68;96ff41d6-7eeb-4889-99f3-58e526f9e5a1;genesis;14;genesis-14;true;0;0;2026-01-15 10:55:02.39+00;2026-01-15 10:55:03.963519+00
503eefe3-cd3b-4f33-a640-db5f60f68353;96ff41d6-7eeb-4889-99f3-58e526f9e5a1;genesis;15;genesis-15;true;0;0;2026-01-15 10:55:10.406+00;2026-01-15 10:55:11.976649+00
5ad2e52a-04d9-4503-a78b-9dad056025f5;96ff41d6-7eeb-4889-99f3-58e526f9e5a1;genesis;16;genesis-16;true;2;20;2026-01-15 10:55:22.335+00;2026-01-15 10:55:23.912096+00
7115858c-3d83-443f-8869-39f4e2534ac3;96ff41d6-7eeb-4889-99f3-58e526f9e5a1;genesis;17;genesis-17;true;1;10;2026-01-15 10:55:36.282+00;2026-01-15 10:55:37.857249+00
a5a27701-1c38-47f8-8da7-60477035647e;96ff41d6-7eeb-4889-99f3-58e526f9e5a1;genesis;18;genesis-18;true;1;15;2026-01-15 10:56:02.017+00;2026-01-15 10:56:03.58946+00
418793d6-cf3a-4b00-b91f-ff237f1f9047;844c6dd3-7e51-46cd-a965-a149e05a0f36;genesis;1;genesis-1-quiz;true;8;103;2026-01-15 11:28:19.14+00;2026-01-15 11:28:19.251259+00
eaf7b219-02b9-45c9-9218-2a4073c7f116;96ff41d6-7eeb-4889-99f3-58e526f9e5a1;mark;1;mark-1;true;2;20;2026-01-15 11:51:05.229+00;2026-01-15 11:51:05.326401+00
499f7338-7ae5-47cf-bb61-dea561f77aa5;96ff41d6-7eeb-4889-99f3-58e526f9e5a1;mark;2;mark-2;true;2;20;2026-01-15 11:51:17.226+00;2026-01-15 11:51:17.283844+00
a25e69b0-1210-4860-9614-7f6fcf071fe5;96ff41d6-7eeb-4889-99f3-58e526f9e5a1;genesis;19;genesis-19;true;2;20;2026-01-15 17:48:09.362+00;2026-01-15 17:48:09.412801+00
b478ce9b-7df2-4abd-906b-c164c9b93890;96ff41d6-7eeb-4889-99f3-58e526f9e5a1;genesis;21;genesis-21;true;1;10;2026-01-15 17:48:29.134+00;2026-01-15 17:48:29.158027+00
5f55d5da-c965-4300-9896-1701e3617a96;96ff41d6-7eeb-4889-99f3-58e526f9e5a1;genesis;22;genesis-22;true;4;50;2026-01-15 17:49:09.233+00;2026-01-15 17:49:09.250165+00
254c5af6-8ac5-4939-a746-9f8d104ab775;96ff41d6-7eeb-4889-99f3-58e526f9e5a1;genesis;23;genesis-23;true;1;10;2026-01-15 17:50:10.876+00;2026-01-15 17:50:10.914266+00
856fc150-f0c0-49bb-b8e1-adbdf73046aa;96ff41d6-7eeb-4889-99f3-58e526f9e5a1;genesis;24;genesis-24;true;1;10;2026-01-15 17:51:07.473+00;2026-01-15 17:51:07.496919+00
ca09c021-ca8d-455d-830e-b0698f84e134;96ff41d6-7eeb-4889-99f3-58e526f9e5a1;genesis;25;genesis-25;true;4;50;2026-01-15 17:52:02.936+00;2026-01-15 17:52:02.963413+00
62c029ed-3368-4787-a4e0-47f93f078284;96ff41d6-7eeb-4889-99f3-58e526f9e5a1;genesis;27;genesis-27;true;1;15;2026-01-15 17:52:20.077+00;2026-01-15 17:52:20.11341+00
b331ad8f-1209-417e-ad2d-47d8f2f668b9;96ff41d6-7eeb-4889-99f3-58e526f9e5a1;genesis;28;genesis-28;true;1;10;2026-01-15 17:52:37.993+00;2026-01-15 17:52:38.017476+00
62a4044f-790c-4b75-807e-309de7c87b8d;96ff41d6-7eeb-4889-99f3-58e526f9e5a1;genesis;29;genesis-29;true;2;25;2026-01-15 17:53:14.199+00;2026-01-15 17:53:14.217542+00
218a487c-7170-40b5-92b2-ea97a29a0b0f;96ff41d6-7eeb-4889-99f3-58e526f9e5a1;genesis;32;genesis-32;true;2;30;2026-01-15 17:54:12.408+00;2026-01-15 17:54:12.429608+00
07b94944-4a49-4a75-b33e-a64e20d8511b;96ff41d6-7eeb-4889-99f3-58e526f9e5a1;genesis;35;genesis-35;true;1;10;2026-01-15 17:54:22.197+00;2026-01-15 17:54:22.218518+00
1d80c2ba-7b69-4400-98df-4731e43922c3;96ff41d6-7eeb-4889-99f3-58e526f9e5a1;mark;4;mark-4;true;2;20;2026-01-15 17:56:56.382+00;2026-01-15 17:56:56.401714+00
51c634a6-ec64-4f71-9435-6d37aef4f851;fb243aa1-fb16-4a04-b4cf-2c6463840946;genesis;1;genesis-1;true;10;178;2026-01-15 19:09:14.18+00;2026-01-15 19:09:13.894205+00
a8a4265f-319d-4c6e-8839-87d86d848d0b;0cf26847-1b58-4d45-8423-3bac817bb89e;matthew;1;matthew-1;true;2;20;2026-01-15 19:15:41.864+00;2026-01-15 19:15:42.16148+00
a89a29f5-91a0-4927-8b3a-03d5d5491e9a;a3de56ed-45b3-4f19-9d7e-511f9e431695;genesis;1;genesis-1-intro;true;10;178;2026-01-15 21:01:01.302+00;2026-01-15 21:01:01.598071+00
4b2add41-feff-4206-bfd8-ebd76827f331;a3de56ed-45b3-4f19-9d7e-511f9e431695;genesis;2;genesis-2;true;5;65;2026-01-15 21:02:00.48+00;2026-01-15 21:02:00.652967+00
c83d7ab9-3aa7-415c-94cf-f84fdc373459;a3de56ed-45b3-4f19-9d7e-511f9e431695;genesis;3;genesis-3;true;3;35;2026-01-15 21:02:37.057+00;2026-01-15 21:02:37.221589+00
c8410530-133d-46f2-ac3c-bf8c36717894;a3de56ed-45b3-4f19-9d7e-511f9e431695;genesis;4;genesis-4;true;4;50;2026-01-15 21:04:13.779+00;2026-01-15 21:04:13.942564+00
64c4d20e-fb60-432d-a2b4-de3f2f84ad96;a3de56ed-45b3-4f19-9d7e-511f9e431695;genesis;5;genesis-5;true;3;40;2026-01-15 21:06:46.929+00;2026-01-15 21:06:47.103917+00
83cee0ba-0470-4fd2-a828-67ce4bc7a431;a3de56ed-45b3-4f19-9d7e-511f9e431695;genesis;6;genesis-6;true;5;60;2026-01-15 21:08:41.54+00;2026-01-15 21:08:41.740933+00
717d8fb4-46c0-4445-99da-a1215d23773b;a3de56ed-45b3-4f19-9d7e-511f9e431695;genesis;7;genesis-7;true;4;50;2026-01-15 21:10:42.765+00;2026-01-15 21:10:42.920628+00
0efa0c91-17f7-4555-8326-e3bb3cb342b5;a3de56ed-45b3-4f19-9d7e-511f9e431695;genesis;8;genesis-8;true;4;45;2026-01-15 21:11:47.844+00;2026-01-15 21:11:48.134375+00
81a01f7b-124c-45bc-b468-9cb63cf327b3;a3de56ed-45b3-4f19-9d7e-511f9e431695;genesis;9;genesis-9;true;2;25;2026-01-15 21:12:10.354+00;2026-01-15 21:12:10.522184+00
4a178202-bc53-48d6-bbfe-b9973baee9d0;a3de56ed-45b3-4f19-9d7e-511f9e431695;genesis;11;genesis-11;true;4;58;2026-01-15 21:12:44.837+00;2026-01-15 21:12:45.016656+00
38ac11df-1246-4f79-8d31-a2d317fbae49;a3de56ed-45b3-4f19-9d7e-511f9e431695;genesis;12;genesis-12;true;5;68;2026-01-15 21:13:17.661+00;2026-01-15 21:13:17.826941+00
5bc69ad6-4acd-4d29-b832-d4c0a5f368b5;a3de56ed-45b3-4f19-9d7e-511f9e431695;genesis;14;genesis-14;true;1;15;2026-01-15 21:13:39.097+00;2026-01-15 21:13:39.28793+00
0355fc55-32d6-4396-8534-88c8288263f4;a3de56ed-45b3-4f19-9d7e-511f9e431695;genesis;15;genesis-15;true;1;10;2026-01-15 21:13:58.286+00;2026-01-15 21:13:58.456421+00
46533931-47cf-477a-858b-b59ce9a1d735;a3de56ed-45b3-4f19-9d7e-511f9e431695;genesis;16;genesis-16;true;2;20;2026-01-15 21:14:22.966+00;2026-01-15 21:14:23.122412+00
e123af91-19a1-4f21-b270-0d1e88bae6ff;a3de56ed-45b3-4f19-9d7e-511f9e431695;genesis;17;genesis-17;true;1;10;2026-01-15 21:14:38.984+00;2026-01-15 21:14:39.164123+00
60e463f0-ee56-46dd-b2ea-6850898bc3ef;a3de56ed-45b3-4f19-9d7e-511f9e431695;genesis;18;genesis-18;true;2;25;2026-01-15 21:15:12.684+00;2026-01-15 21:15:12.874871+00
df3afc6c-f26f-43cf-8965-93a40ae36c23;a3de56ed-45b3-4f19-9d7e-511f9e431695;genesis;19;genesis-19;true;2;20;2026-01-15 21:15:32.689+00;2026-01-15 21:15:32.868526+00
7626da48-80ed-41bd-b1f9-ed64fc7711c7;a3de56ed-45b3-4f19-9d7e-511f9e431695;genesis;21;genesis-21;true;1;10;2026-01-15 21:15:57.326+00;2026-01-15 21:15:57.494502+00
d2d5590f-053c-4ba8-a08a-f0756a2c9185;a3de56ed-45b3-4f19-9d7e-511f9e431695;genesis;22;genesis-22;true;4;50;2026-01-15 21:16:37.062+00;2026-01-15 21:16:37.276051+00
185bdfc0-9f76-489f-96da-03a318386646;a3de56ed-45b3-4f19-9d7e-511f9e431695;genesis;23;genesis-23;true;1;10;2026-01-15 21:16:51.076+00;2026-01-15 21:16:51.253716+00
c069e5e1-3889-4f50-a01f-67b340a7ecff;a3de56ed-45b3-4f19-9d7e-511f9e431695;genesis;24;genesis-24;true;1;10;2026-01-15 21:17:21.045+00;2026-01-15 21:17:21.201893+00
510f77f3-0770-464b-83e8-2014cffc56a2;139306fe-4ee5-411f-966d-a86cf02a16da;genesis;1;genesis-1-intro;true;10;178;2026-01-15 21:17:45.854+00;2026-01-15 21:17:45.823763+00
2956ca7d-f9d7-460f-a6fb-2bffdbb3f409;a3de56ed-45b3-4f19-9d7e-511f9e431695;genesis;25;genesis-25;true;4;50;2026-01-15 21:17:59.129+00;2026-01-15 21:17:59.293425+00
d1dcdf0b-daca-4594-9359-e65067dbf198;a3de56ed-45b3-4f19-9d7e-511f9e431695;genesis;27;genesis-27;true;1;15;2026-01-15 21:18:18.193+00;2026-01-15 21:18:18.351183+00
376d80fd-d728-476c-9c36-6d6ee719153f;139306fe-4ee5-411f-966d-a86cf02a16da;genesis;2;genesis-2;true;5;65;2026-01-15 21:18:33.848+00;2026-01-15 21:18:33.811597+00
63106409-ce34-4af7-ae10-fc0fd194240d;a3de56ed-45b3-4f19-9d7e-511f9e431695;genesis;28;genesis-28;true;1;10;2026-01-15 21:18:35.434+00;2026-01-15 21:18:35.594865+00
9ffc32a0-a7d5-4559-bcf5-b68c93f02934;a3de56ed-45b3-4f19-9d7e-511f9e431695;genesis;29;genesis-29;true;2;25;2026-01-15 21:18:59.799+00;2026-01-15 21:18:59.975839+00
54a8e32d-b7e8-4633-859f-ce6aa0381310;a3de56ed-45b3-4f19-9d7e-511f9e431695;genesis;32;genesis-32;true;2;30;2026-01-15 21:19:27.398+00;2026-01-15 21:19:27.605228+00
de3cd813-2d2d-47ff-be67-50a9ce50385d;a3de56ed-45b3-4f19-9d7e-511f9e431695;genesis;35;genesis-35;true;1;10;2026-01-15 21:19:41.682+00;2026-01-15 21:19:41.83715+00
3734db31-4007-4504-956e-93a671da447b;a3de56ed-45b3-4f19-9d7e-511f9e431695;genesis;37;genesis-37;true;5;65;2026-01-15 21:20:43.559+00;2026-01-15 21:20:43.752346+00
c1ca168a-1975-483d-8b05-884d828c85d6;139306fe-4ee5-411f-966d-a86cf02a16da;genesis;3;genesis-3;true;3;35;2026-01-15 21:20:52.708+00;2026-01-15 21:20:52.633819+00
459842d0-c092-4ae5-8bec-711c71abe01f;139306fe-4ee5-411f-966d-a86cf02a16da;genesis;4;genesis-4;true;4;50;2026-01-15 21:22:02.921+00;2026-01-15 21:22:02.88355+00
72728e47-957f-46c8-a058-7ad6d3a963a4;139306fe-4ee5-411f-966d-a86cf02a16da;genesis;5;genesis-5;true;3;40;2026-01-15 21:26:24.943+00;2026-01-15 21:26:24.920331+00
e818f835-40fe-4426-bd18-aa90c8e989e6;139306fe-4ee5-411f-966d-a86cf02a16da;genesis;6;genesis-6;true;5;60;2026-01-15 21:27:01.745+00;2026-01-15 21:27:01.685756+00
485d1596-43ea-4dd2-b3dc-59b6cd4a7abb;139306fe-4ee5-411f-966d-a86cf02a16da;genesis;7;genesis-7;true;4;50;2026-01-15 21:27:52.574+00;2026-01-15 21:27:52.513874+00
3db40108-79a2-4892-a5e2-bd9eb38901d2;139306fe-4ee5-411f-966d-a86cf02a16da;genesis;8;genesis-8;true;4;45;2026-01-15 21:29:59.039+00;2026-01-15 21:29:58.972122+00
09219937-52ca-4b3d-9956-409492be41c0;139306fe-4ee5-411f-966d-a86cf02a16da;genesis;9;genesis-9;true;2;25;2026-01-15 21:30:15.256+00;2026-01-15 21:30:15.207209+00
a6f871e1-3832-42cf-a84c-0dbc2f8bd1cb;139306fe-4ee5-411f-966d-a86cf02a16da;genesis;11;genesis-11;true;4;58;2026-01-15 21:31:30.189+00;2026-01-15 21:31:30.116892+00
fd4ca1c6-30b8-48ce-ba7e-d4bc6227a4a7;139306fe-4ee5-411f-966d-a86cf02a16da;genesis;12;genesis-12;true;5;68;2026-01-15 21:32:01.721+00;2026-01-15 21:32:01.653045+00
dd6ddef1-c535-42ba-84ab-a0cebc0d82ea;139306fe-4ee5-411f-966d-a86cf02a16da;genesis;14;genesis-14;true;1;15;2026-01-15 21:32:15.962+00;2026-01-15 21:32:15.94303+00
75b2ee5f-f168-4315-8b13-71880ed90e94;139306fe-4ee5-411f-966d-a86cf02a16da;genesis;15;genesis-15;true;1;10;2026-01-15 21:33:00.763+00;2026-01-15 21:33:00.755021+00
8d6a195f-9a33-4dc1-837b-b8d2b6dd1b46;139306fe-4ee5-411f-966d-a86cf02a16da;genesis;16;genesis-16;true;2;20;2026-01-15 21:33:21.935+00;2026-01-15 21:33:21.867044+00
a28105a2-396c-4046-a6ca-39acdbaf8364;139306fe-4ee5-411f-966d-a86cf02a16da;genesis;17;genesis-17;true;1;10;2026-01-15 21:33:36.686+00;2026-01-15 21:33:36.618871+00
e162bf49-7c09-45e7-bd6b-ed912c6b5274;139306fe-4ee5-411f-966d-a86cf02a16da;genesis;18;genesis-18;true;2;25;2026-01-15 21:34:09.359+00;2026-01-15 21:34:09.289791+00
f47e8c6e-e3da-48af-9bc0-18e50984704e;139306fe-4ee5-411f-966d-a86cf02a16da;genesis;19;genesis-19;true;2;20;2026-01-15 21:34:57.165+00;2026-01-15 21:34:57.448443+00
4f847e97-05f6-4d92-af1a-fb040f6e3ffe;139306fe-4ee5-411f-966d-a86cf02a16da;genesis;21;genesis-21;true;1;10;2026-01-15 21:35:12.278+00;2026-01-15 21:35:12.21366+00
9a362cf4-dea6-4c44-8448-756176f454fb;139306fe-4ee5-411f-966d-a86cf02a16da;genesis;22;genesis-22;true;4;50;2026-01-15 21:35:39.059+00;2026-01-15 21:35:38.983415+00
32d7f940-23c9-43d5-8223-98a7a2bf45aa;139306fe-4ee5-411f-966d-a86cf02a16da;genesis;23;genesis-23;true;1;10;2026-01-15 21:35:50.074+00;2026-01-15 21:35:50.006589+00
931daccb-aece-4783-bfdc-299f5b033d69;139306fe-4ee5-411f-966d-a86cf02a16da;genesis;24;genesis-24;true;1;10;2026-01-15 21:36:06.514+00;2026-01-15 21:36:06.458373+00
47119a23-f4af-44ad-9b5e-7960e5fd438b;139306fe-4ee5-411f-966d-a86cf02a16da;genesis;25;genesis-25;true;4;50;2026-01-15 21:36:34.222+00;2026-01-15 21:36:34.15561+00
62db8e8c-0bde-4bec-b6a2-6b49c560f338;139306fe-4ee5-411f-966d-a86cf02a16da;genesis;27;genesis-27;true;1;15;2026-01-15 21:37:15.59+00;2026-01-15 21:37:15.525751+00
296d0366-f918-44fa-bf9a-28a32cdab29e;139306fe-4ee5-411f-966d-a86cf02a16da;genesis;28;genesis-28;true;1;10;2026-01-15 21:37:29.287+00;2026-01-15 21:37:29.217309+00
e507d49b-ce2f-4eb6-90d6-50a81c0224d7;139306fe-4ee5-411f-966d-a86cf02a16da;genesis;29;genesis-29;true;2;25;2026-01-15 21:37:44.394+00;2026-01-15 21:37:44.323767+00
5d96cd02-d219-4f0c-9ac4-f57a65a0efcf;139306fe-4ee5-411f-966d-a86cf02a16da;genesis;32;genesis-32;true;2;30;2026-01-15 21:37:57.671+00;2026-01-15 21:37:57.646502+00
8bcfc9fc-1369-4c1f-9145-07d8e86b5693;3564f034-e3d2-46f2-9166-33e28f8fc308;genesis;9;genesis-9;true;2;25;2026-01-16 07:03:01.756+00;2026-01-16 07:03:01.818816+00
ca5eae41-cbf8-4315-85f9-02694027705f;3564f034-e3d2-46f2-9166-33e28f8fc308;genesis;8;genesis-8;true;4;45;2026-01-16 07:04:12.713+00;2026-01-16 07:04:12.760457+00
1f5d5515-aee1-407f-9e78-11b0651d9c10;3564f034-e3d2-46f2-9166-33e28f8fc308;genesis;11;genesis-11;true;4;58;2026-01-16 07:08:42.341+00;2026-01-16 07:08:42.389097+00
46bc05cd-dda6-4e04-bf7b-742712d0a339;96ff41d6-7eeb-4889-99f3-58e526f9e5a1;genesis;13;genesis-13;true;2;20;2026-01-16 07:20:32.276+00;2026-01-16 07:20:33.418471+00
bebceef3-0e38-4b2b-a9f9-8be66579bd1a;96ff41d6-7eeb-4889-99f3-58e526f9e5a1;genesis;10;genesis-10;true;2;20;2026-01-16 07:21:00.582+00;2026-01-16 07:21:01.687578+00
77a96139-f344-44d5-8245-53697d6432a9;96ff41d6-7eeb-4889-99f3-58e526f9e5a1;genesis;20;genesis-20;true;2;20;2026-01-16 07:21:15.664+00;2026-01-16 07:21:16.776798+00
e0e030ed-731b-464c-ab7e-b4e34d7dc59f;96ff41d6-7eeb-4889-99f3-58e526f9e5a1;genesis;26;genesis-26;true;2;20;2026-01-16 07:21:53.423+00;2026-01-16 07:21:54.520624+00
f9ddaf08-f6f4-459a-92b7-87f0e9931d32;96ff41d6-7eeb-4889-99f3-58e526f9e5a1;genesis;30;genesis-30;true;2;25;2026-01-16 07:22:12.623+00;2026-01-16 07:22:13.725082+00
1d237bd3-e3d7-4374-97d2-6ef434044d1b;96ff41d6-7eeb-4889-99f3-58e526f9e5a1;genesis;31;genesis-31;true;2;20;2026-01-16 07:22:37.433+00;2026-01-16 07:22:38.532008+00